-- Insert data into BankDb

SET IDENTITY_INSERT Customers ON;

INSERT INTO Customers (CustomerID, FirstName, LastName, DOB, Mobile, Email, PAN, BranchID, CreatedDate) VALUES
(1,  'Aarav',   'Sharma',     '1990-03-15', '9876543210', 'aarav.sharma@gmail.com',    'ABCPS1234A', 12,  '2023-01-10 09:15:00'),
(2,  'Priya',   'Mehta',      '1985-07-22', '9823456789', 'priya.mehta@yahoo.com',     'BCDPM2345B', 45,  '2023-02-14 11:30:00'),
(3,  'Rohit',   'Verma',      '1992-11-08', '9712345678', NULL,                        'CDEРV3456C', 78,  '2023-03-05 14:00:00'),
(4,  'Sneha',   'Joshi',      '1988-05-30', '9654321098', 'sneha.joshi@hotmail.com',   'DEFJS4567D', 23,  '2023-04-20 10:45:00'),
(5,  'Kiran',   'Patel',      NULL,         '9543210987', 'kiran.patel@gmail.com',     'EFGKP5678E', 67,  '2023-05-11 08:30:00'),
(6,  'Amit',    'Desai',      '1995-09-18', '9432109876', 'amit.desai@gmail.com',      NULL,         34,  '2023-06-03 13:20:00'),
(7,  'Nisha',   'Gupta',      '1987-12-25', NULL,         'nisha.gupta@rediffmail.com','GHing7890G', 89,  '2023-07-17 16:00:00'),
(8,  'Vikram',  'Singh',      '1993-04-14', '9210987654', 'vikram.singh@outlook.com',  'HIJVS8901H', 55,  '2023-08-22 09:00:00'),
(9,  'Pooja',   'Rao',        '1991-08-03', '9109876543', 'pooja.rao@gmail.com',       'IJKPR9012I', 11,  '2023-09-30 12:15:00'),
(10, 'Manish',  'Kulkarni',   '1986-02-19', '9098765432', 'manish.kulkarni@gmail.com', 'JKLMK0123J', 72,  '2023-10-08 15:45:00');

INSERT INTO Customers (CustomerID, FirstName, LastName, DOB, Mobile, Email, PAN, BranchID, CreatedDate) VALUES
(11, 'Deepa',    'Nair',       '1994-06-12', '9887654321', 'deepa.nair@gmail.com',       'KLMDN1234K', 3,   '2023-11-01 10:00:00'),
(12, 'Suresh',   'Iyer',       '1983-01-28', '9776543210', 'suresh.iyer@yahoo.com',      'LMNSI2345L', 91,  '2023-11-05 11:00:00'),
(13, 'Kavita',   'Pillai',     '1990-09-09', '9665432109', NULL,                         'MNOKP3456M', 18,  '2023-11-10 09:30:00'),
(14, 'Arjun',    'Reddy',      '1997-04-04', '9554321098', 'arjun.reddy@outlook.com',    'NOPАR4567N', 62,  '2023-11-15 14:15:00'),
(15, 'Meena',    'Das',        NULL,         '9443210987', 'meena.das@gmail.com',         'OPQMD5678O', 37,  '2023-11-20 08:45:00'),
(16, 'Ravi',     'Bhat',       '1989-08-17', '9332109876', 'ravi.bhat@rediffmail.com',   'PQGRB6789P', 80,  '2023-12-01 13:00:00'),
(17, 'Sunita',   'Mishra',     '1992-03-23', NULL,         'sunita.mishra@hotmail.com',  'QRHSM7890Q', 14,  '2023-12-08 10:30:00'),
(18, 'Gaurav',   'Jain',       '1986-11-30', '9110987654', 'gaurav.jain@gmail.com',      NULL,         49,  '2023-12-15 16:00:00'),
(19, 'Anita',    'Tiwari',     '1993-07-07', '9009876543', 'anita.tiwari@gmail.com',     'SIJAT9012S', 26,  '2024-01-03 09:00:00'),
(20, 'Rahul',    'Pandey',     '1991-05-19', '9898765432', 'rahul.pandey@yahoo.com',     'TJKRP0123T', 73,  '2024-01-10 11:45:00'),
(21, 'Divya',    'Srivastava', '1988-02-14', '9787654321', 'divya.sri@gmail.com',        'UKLDS1234U', 58,  '2024-01-18 14:30:00'),
(22, 'Nitin',    'Chauhan',    '1995-10-31', '9676543210', 'nitin.chauhan@outlook.com',  'VLMNC2345V', 7,   '2024-01-25 08:00:00'),
(23, 'Rekha',    'Saxena',     '1984-12-05', '9565432109', NULL,                         'WMNRS3456W', 95,  '2024-02-02 10:15:00'),
(24, 'Sanjay',   'Kapoor',     NULL,         '9454321098', 'sanjay.kapoor@gmail.com',    'XNОSK4567X', 41,  '2024-02-09 13:45:00'),
(25, 'Usha',     'Menon',      '1987-06-21', '9343210987', 'usha.menon@rediffmail.com',  'YOPUM5678Y', 66,  '2024-02-17 09:30:00'),
(26, 'Rajesh',   'Khanna',     '1990-08-08', '9232109876', 'rajesh.khanna@gmail.com',    'ZPQRK6789Z', 29,  '2024-02-24 15:00:00'),
(27, 'Lata',     'Bhatt',      '1993-01-16', NULL,         'lata.bhatt@yahoo.com',       'ABQLB7890A', 84,  '2024-03-03 11:00:00'),
(28, 'Mohan',    'Tripathi',   '1985-04-27', '9010987654', 'mohan.tripathi@gmail.com',   NULL,         52,  '2024-03-10 14:00:00'),
(29, 'Geeta',    'Rawat',      '1996-09-13', '9909876543', 'geeta.rawat@hotmail.com',    'CDSGE9012C', 16,  '2024-03-18 08:30:00'),
(30, 'Ajay',     'Bose',       '1989-03-02', '9808765432', 'ajay.bose@gmail.com',        'DETAB0123D', 77,  '2024-03-25 12:00:00'),
(31, 'Shweta',   'Goyal',      '1992-07-25', '9697654321', 'shweta.goyal@gmail.com',     'EFUSG1234E', 33,  '2024-04-01 09:15:00'),
(32, 'Vishal',   'Agarwal',    '1987-11-11', '9586543210', 'vishal.agarwal@outlook.com', 'FGVVA2345F', 68,  '2024-04-08 10:45:00'),
(33, 'Pallavi',  'Deshpande',  '1994-05-06', '9475432109', NULL,                         'GHWPD3456G', 5,   '2024-04-15 13:30:00'),
(34, 'Saurabh',  'Ghosh',      NULL,         '9364321098', 'saurabh.ghosh@gmail.com',    'HIXSG4567H', 88,  '2024-04-22 16:15:00'),
(35, 'Madhuri',  'Kulkarni',   '1991-12-18', '9253210987', 'madhuri.k@rediffmail.com',   'IJYMK5678I', 44,  '2024-05-01 08:00:00'),
(36, 'Prakash',  'Naik',       '1984-08-29', '9142109876', 'prakash.naik@yahoo.com',     'JKZPN6789J', 97,  '2024-05-08 11:30:00'),
(37, 'Ritu',     'Saha',       '1996-02-07', NULL,         'ritu.saha@gmail.com',        'KLARS7890K', 21,  '2024-05-15 14:45:00'),
(38, 'Hemant',   'Chaudhary',  '1988-06-14', '9930987654', 'hemant.c@gmail.com',         NULL,         59,  '2024-05-22 09:00:00'),
(39, 'Swati',    'Shukla',     '1993-10-22', '9820876543', 'swati.shukla@hotmail.com',   'MNBSS9012M', 13,  '2024-05-29 12:30:00'),
(40, 'Dinesh',   'Pawar',      '1986-04-03', '9710765432', 'dinesh.pawar@gmail.com',     'NOCDP0123N', 76,  '2024-06-05 15:00:00');

SET IDENTITY_INSERT Customers OFF;

-- =============================================
-- AccountDetails Insert Data
-- =============================================

SET IDENTITY_INSERT AccountDetails ON;

INSERT INTO AccountDetails (AccountID, AccountNumber, CustomerID, BranchID, AccountType, Balance, OpenDate, IsActive) VALUES
(1,  100000000001, 1,  12, 'Savings',          45000.00,  '2023-01-10', 1),
(2,  100000000002, 1,  12, 'Fixed Deposit',    100000.00, '2023-03-15', 1),
(3,  100000000003, 2,  45, 'Savings',          32500.50,  '2023-02-14', 1),
(4,  100000000004, 3,  78, 'Current',          87000.00,  '2023-03-05', 1),
(5,  100000000005, 4,  23, 'Savings',          15200.75,  '2023-04-20', 1),
(6,  100000000006, 5,  67, 'Savings',          62000.00,  '2023-05-11', 1),
(7,  100000000007, 5,  67, 'Recurring Deposit',25000.00,  '2023-06-01', 1),
(8,  100000000008, 6,  34, 'Current',          150000.00, '2023-06-03', 1),
(9,  100000000009, 7,  89, 'Savings',          9800.25,   '2023-07-17', 1),
(10, 100000000010, 8,  55, 'Savings',          41500.00,  '2023-08-22', 1),
(11, 100000000011, 8,  55, 'Fixed Deposit',    200000.00, '2023-09-01', 1),
(12, 100000000012, 9,  11, 'Savings',          28000.00,  '2023-09-30', 1),
(13, 100000000013, 10, 72, 'Current',          95000.50,  '2023-10-08', 1),
(14, 100000000014, 11, 3,  'Savings',          17500.00,  '2023-11-01', 1),
(15, 100000000015, 12, 91, 'Savings',          53200.00,  '2023-11-05', 1),
(16, 100000000016, 12, 91, 'Current',          300000.00, '2023-11-10', 1),
(17, 100000000017, 13, 18, 'Savings',          11000.75,  '2023-11-10', 1),
(18, 100000000018, 14, 62, 'Savings',          76000.00,  '2023-11-15', 0),
(19, 100000000019, 15, 37, 'Fixed Deposit',    500000.00, '2023-11-20', 1),
(20, 100000000020, 16, 80, 'Savings',          23400.00,  '2023-12-01', 1),
(21, 100000000021, 17, 14, 'Savings',          8900.00,   '2023-12-08', 1),
(22, 100000000022, 17, 14, 'Recurring Deposit',15000.00,  '2023-12-15', 1),
(23, 100000000023, 18, 49, 'Current',          430000.00, '2023-12-15', 1),
(24, 100000000024, 19, 26, 'Savings',          34500.25,  '2024-01-03', 1),
(25, 100000000025, 20, 73, 'Savings',          19800.00,  '2024-01-10', 1),
(26, 100000000026, 20, 73, 'Fixed Deposit',    250000.00, '2024-01-20', 1),
(27, 100000000027, 21, 58, 'Savings',          61200.50,  '2024-01-18', 1),
(28, 100000000028, 22, 7,  'Current',          125000.00, '2024-01-25', 0),
(29, 100000000029, 23, 95, 'Savings',          5400.00,   '2024-02-02', 1),
(30, 100000000030, 24, 41, 'Savings',          48000.75,  '2024-02-09', 1),
(31, 100000000031, 25, 66, 'Savings',          37200.00,  '2024-02-17', 1),
(32, 100000000032, 25, 66, 'Recurring Deposit',10000.00,  '2024-03-01', 1),
(33, 100000000033, 26, 29, 'Current',          680000.00, '2024-02-24', 1),
(34, 100000000034, 27, 84, 'Savings',          14300.00,  '2024-03-03', 1),
(35, 100000000035, 28, 52, 'Savings',          29700.50,  '2024-03-10', 1),
(36, 100000000036, 29, 16, 'Fixed Deposit',    150000.00, '2024-03-18', 1),
(37, 100000000037, 30, 77, 'Savings',          55000.00,  '2024-03-25', 1),
(38, 100000000038, 30, 77, 'Current',          220000.00, '2024-04-01', 1),
(39, 100000000039, 31, 33, 'Savings',          18600.25,  '2024-04-01', 1),
(40, 100000000040, 32, 68, 'Savings',          43100.00,  '2024-04-08', 1),
(41, 100000000041, 33, 5,  'Savings',          7200.00,   '2024-04-15', 1),
(42, 100000000042, 33, 5,  'Fixed Deposit',    75000.00,  '2024-04-20', 1),
(43, 100000000043, 34, 88, 'Current',          390000.00, '2024-04-22', 0),
(44, 100000000044, 35, 44, 'Savings',          26500.50,  '2024-05-01', 1),
(45, 100000000045, 36, 97, 'Savings',          71000.00,  '2024-05-08', 1),
(46, 100000000046, 36, 97, 'Recurring Deposit',20000.00,  '2024-05-15', 1),
(47, 100000000047, 37, 21, 'Savings',          33800.75,  '2024-05-15', 1),
(48, 100000000048, 38, 59, 'Current',          560000.00, '2024-05-22', 1),
(49, 100000000049, 39, 13, 'Savings',          12400.00,  '2024-05-29', 1),
(50, 100000000050, 40, 76, 'Savings',          89000.00,  '2024-06-05', 1);

SET IDENTITY_INSERT AccountDetails OFF;

-- =============================================
-- Transactions Insert Data
-- =============================================

SET IDENTITY_INSERT Transactions ON;

INSERT INTO Transactions (TransactionID, AccountID, TransactionDate, Amount, TransactionType, Reference, BalanceAfter) VALUES
(1,  3,  '2023-02-15 09:10:00', 5000.00,   'Credit', 'NEFT/INB/2302150001/SALARY',       37500.50),
(2,  1,  '2023-01-12 10:30:00', 10000.00,  'Credit', 'IMPS/INB/2301120001/FAMILY',        55000.00),
(3,  1,  '2023-01-20 14:15:00', 2000.00,   'Debit',  'UPI/TXN/2301200001/GROCERY',        53000.00),
(4,  4,  '2023-03-08 11:00:00', 50000.00,  'Credit', 'NEFT/INB/2303080001/BUSINESS',      137000.00),
(5,  4,  '2023-03-10 16:45:00', 20000.00,  'Debit',  'IMPS/INB/2303100001/VENDOR',        117000.00),
(6,  6,  '2023-06-05 09:30:00', 30000.00,  'Credit', 'NEFT/INB/2306050001/SALARY',        180000.00),
(7,  6,  '2023-06-07 13:20:00', 15000.00,  'Debit',  'UPI/TXN/2306070001/RENT',           165000.00),
(8,  9,  '2023-07-18 10:00:00', 500.00,    'Debit',  'ATM/WDL/2307180001/CASH',           9300.25),
(9,  10, '2023-08-25 11:30:00', 8000.00,   'Credit', 'IMPS/INB/2308250001/TRANSFER',      49500.00),
(10, 10, '2023-09-02 15:00:00', 3500.00,   'Debit',  'UPI/TXN/2309020001/SHOPPING',       46000.00),
(11, 12, '2023-10-01 09:00:00', 25000.00,  'Credit', 'NEFT/INB/2310010001/SALARY',        53000.00),
(12, 12, '2023-10-05 12:30:00', 1200.00,   'Debit',  'UPI/TXN/2310050001/ELECTRICITY',    51800.00),
(13, 13, '2023-10-10 10:15:00', 100000.00, 'Credit', 'RTGS/INB/2310100001/BUSINESS',      195000.50),
(14, 13, '2023-10-15 14:00:00', 40000.00,  'Debit',  'NEFT/INB/2310150001/VENDOR',        155000.50),
(15, 15, '2023-11-22 09:45:00', 1000.00,   'Debit',  'ATM/WDL/2311220001/CASH',           499000.00),
(16, 17, '2023-12-09 11:00:00', 3000.00,   'Credit', 'IMPS/INB/2312090001/TRANSFER',      11900.00),
(17, 17, '2023-12-20 16:30:00', 2000.00,   'Debit',  'UPI/TXN/2312200001/MEDICAL',        9900.00),
(18, 20, '2023-12-02 09:00:00', 45000.00,  'Credit', 'NEFT/INB/2312020001/SALARY',        68400.00),
(19, 20, '2023-12-18 13:15:00', 5000.00,   'Debit',  NULL,                                63400.00),
(20, 23, '2024-01-04 10:00:00', 20000.00,  'Credit', 'IMPS/INB/2401040001/TRANSFER',      430000.00),
(21, 23, '2024-01-08 14:30:00', 75000.00,  'Debit',  'NEFT/INB/2401080001/VENDOR',        355000.00),
(22, 24, '2024-01-06 09:30:00', 12000.00,  'Credit', 'NEFT/INB/2401060001/SALARY',        46500.25),
(23, 24, '2024-01-19 15:45:00', 3000.00,   'Debit',  'UPI/TXN/2401190001/GROCERY',        43500.25),
(24, 25, '2024-01-12 10:30:00', 5000.00,   'Credit', 'IMPS/INB/2401120001/FAMILY',        24800.00),
(25, 27, '2024-01-20 11:00:00', 15000.00,  'Credit', 'NEFT/INB/2401200001/SALARY',        76200.50),
(26, 27, '2024-01-28 16:00:00', 8000.00,   'Debit',  'UPI/TXN/2401280001/RENT',           68200.50),
(27, 30, '2024-02-10 09:15:00', 50000.00,  'Credit', 'RTGS/INB/2402100001/BUSINESS',      270000.00),
(28, 30, '2024-02-18 14:00:00', 12000.00,  'Debit',  'NEFT/INB/2402180001/VENDOR',        258000.00),
(29, 33, '2024-02-25 10:00:00', 200000.00, 'Credit', 'RTGS/INB/2402250001/BUSINESS',      880000.00),
(30, 33, '2024-03-01 13:30:00', 60000.00,  'Debit',  'NEFT/INB/2403010001/RENT',          820000.00),
(31, 35, '2024-03-05 09:30:00', 10000.00,  'Credit', 'IMPS/INB/2403050001/TRANSFER',      39700.50),
(32, 35, '2024-03-12 12:00:00', 2500.00,   'Debit',  'UPI/TXN/2403120001/SHOPPING',       37200.50),
(33, 37, '2024-03-20 10:45:00', 75000.00,  'Credit', 'NEFT/INB/2403200001/SALARY',        130000.00),
(34, 37, '2024-03-28 15:30:00', 25000.00,  'Debit',  'NEFT/INB/2403280001/EMI',           105000.00),
(35, 38, '2024-04-02 09:00:00', 100000.00, 'Credit', 'RTGS/INB/2404020001/BUSINESS',      320000.00),
(36, 38, '2024-04-10 14:15:00', 30000.00,  'Debit',  NULL,                                290000.00),
(37, 40, '2024-04-09 11:00:00', 18000.00,  'Credit', 'NEFT/INB/2404090001/SALARY',        61100.00),
(38, 40, '2024-04-20 16:30:00', 4500.00,   'Debit',  'UPI/TXN/2404200001/UTILITY',        56600.00),
(39, 44, '2024-05-03 09:30:00', 8000.00,   'Credit', 'IMPS/INB/2405030001/TRANSFER',      34500.50),
(40, 44, '2024-05-10 13:00:00', 1500.00,   'Debit',  'UPI/TXN/2405100001/RECHARGE',       33000.50),
(41, 45, '2024-05-09 10:15:00', 22000.00,  'Credit', 'NEFT/INB/2405090001/SALARY',        93000.00),
(42, 45, '2024-05-18 15:45:00', 7000.00,   'Debit',  'UPI/TXN/2405180001/GROCERY',        86000.00),
(43, 47, '2024-05-17 09:00:00', 12500.00,  'Credit', 'IMPS/INB/2405170001/TRANSFER',      46300.75),
(44, 47, '2024-05-25 14:30:00', 3000.00,   'Debit',  'UPI/TXN/2405250001/FOOD',           43300.75),
(45, 48, '2024-05-23 10:30:00', 250000.00, 'Credit', 'RTGS/INB/2405230001/BUSINESS',      810000.00),
(46, 48, '2024-05-30 16:00:00', 80000.00,  'Debit',  'NEFT/INB/2405300001/VENDOR',        730000.00),
(47, 49, '2024-05-31 09:15:00', 5000.00,   'Credit', 'IMPS/INB/2405310001/FAMILY',        17400.00),
(48, 50, '2024-06-06 11:00:00', 30000.00,  'Credit', 'NEFT/INB/2406060001/SALARY',        119000.00),
(49, 50, '2024-06-10 15:00:00', 10000.00,  'Debit',  'UPI/TXN/2406100001/RENT',           109000.00),
(50, 2,  '2024-06-12 13:30:00', 5000.00,   'Debit',  'ATM/WDL/2406120001/CASH',           NULL);

SET IDENTITY_INSERT Transactions OFF;

-- =============================================
-- Loans Insert Data
-- =============================================

SET IDENTITY_INSERT Loans ON;

INSERT INTO Loans (LoanID, LoanAccountNumber, CustomerID, BranchID, LoanType, Principal, InterestRate, StartDate, TermMonths, Status) VALUES
(1,  200000000001, 1,  12, 'Home Loan',       2500000.00, 8.50,  '2023-02-01', 240, 'Active'),
(2,  200000000002, 2,  45, 'Personal Loan',   150000.00,  12.00, '2023-03-10', 36,  'Active'),
(3,  200000000003, 4,  23, 'Car Loan',        700000.00,  9.75,  '2023-05-15', 60,  'Active'),
(4,  200000000004, 6,  34, 'Business Loan',   5000000.00, 11.50, '2023-06-01', 120, 'Active'),
(5,  200000000005, 8,  55, 'Home Loan',       3200000.00, 8.25,  '2023-09-01', 300, 'Active'),
(6,  200000000006, 10, 72, 'Education Loan',  800000.00,  7.00,  '2023-10-15', 84,  'Active'),
(7,  200000000007, 12, 91, 'Car Loan',        950000.00,  9.50,  '2023-11-01', 60,  'Active'),
(8,  200000000008, 14, 62, 'Personal Loan',   200000.00,  13.00, '2023-11-20', 24,  'Closed'),
(9,  200000000009, 16, 80, 'Home Loan',       1800000.00, 8.75,  '2023-12-05', 180, 'Active'),
(10, 200000000010, 18, 49, 'Business Loan',   7500000.00, 10.50, '2023-12-20', 120, 'Active'),
(11, 200000000011, 20, 73, 'Personal Loan',   100000.00,  14.00, '2024-01-15', 18,  'Active'),
(12, 200000000012, 22, 7,  'Car Loan',        550000.00,  9.25,  '2024-01-25', 48,  'Defaulted'),
(13, 200000000013, 24, 41, 'Education Loan',  1200000.00, 6.80,  '2024-02-10', 96,  'Active'),
(14, 200000000014, 26, 29, 'Home Loan',       4200000.00, 8.60,  '2024-02-20', 240, 'Active'),
(15, 200000000015, 28, 52, 'Personal Loan',   75000.00,   13.50, '2024-03-05', 12,  'Closed'),
(16, 200000000016, 30, 77, 'Business Loan',   3000000.00, 11.00, '2024-03-20', 84,  'Active'),
(17, 200000000017, 33, 5,  'Car Loan',        480000.00,  9.00,  '2024-04-10', 36,  'Active'),
(18, 200000000018, 35, 44, 'Home Loan',       2100000.00, 8.40,  '2024-05-01', 180, 'Active'),
(19, 200000000019, 37, 21, 'Education Loan',  600000.00,  7.25,  '2024-05-15', 72,  'Active'),
(20, 200000000020, 40, 76, 'Personal Loan',   250000.00,  12.50, '2024-06-01', 48,  'Defaulted');

SET IDENTITY_INSERT Loans OFF;
